index,group,baseline_correct,intervention_correct,cosine_before_after,l2_shift,proj_before,proj_after,proj_shift
1,stable_true,True,True,0.9885210394859314,1.0000056028366089,0.39658820629119873,-0.6034165620803833,-1.000004768371582
2,stable_true,True,True,0.9898863434791565,0.9999300837516785,2.8570539951324463,1.8571245670318604,-0.9999294281005859
3,stable_true,True,True,0.9885534048080444,0.9999801516532898,0.6301639080047607,-0.3698153495788574,-0.9999792575836182
4,recovered,False,True,0.9907343983650208,0.999946117401123,1.8519072532653809,0.8519622683525085,-0.9999449849128723
5,stable_true,True,True,0.9868825674057007,0.9999517798423767,0.5499335527420044,-0.45001763105392456,-0.999951183795929
6,stable_true,True,True,0.9920352697372437,0.9999457597732544,3.4544825553894043,2.454537868499756,-0.9999446868896484
7,stable_true,True,True,0.9910210371017456,1.0000027418136597,0.9979021549224854,-0.0020995251834392548,-1.0000016801059246
8,stable_false,False,False,0.987805962562561,0.9999803900718689,0.17287945747375488,-0.8271002769470215,-0.9999797344207764
9,stable_false,False,False,0.9874349236488342,0.9999596476554871,1.5802526473999023,0.5802935361862183,-0.9999591112136841
10,stable_false,False,False,0.9868624806404114,0.999927818775177,1.268441915512085,0.2685147225856781,-0.9999271929264069
11,stable_false,False,False,0.9902558922767639,0.999973475933075,1.8503433465957642,0.8503707647323608,-0.9999725818634033
12,recovered,False,True,0.9894949793815613,0.999977707862854,1.589908242225647,0.5899312496185303,-0.9999769926071167
13,stable_true,True,True,0.9886898398399353,1.000042200088501,-0.05407603830099106,-1.0541175603866577,-1.0000415220856667
14,stable_true,True,True,0.9896873235702515,0.9999166131019592,2.2761266231536865,1.2762107849121094,-0.9999158382415771
15,stable_true,True,True,0.9889847040176392,0.9999555945396423,1.3460044860839844,0.3460496664047241,-0.9999548196792603
16,stable_true,True,True,0.9896618723869324,0.9999825954437256,0.13897894322872162,-0.8610026240348816,-0.9999815672636032
17,stable_true,True,True,0.9881008267402649,0.9999832510948181,-0.07072032988071442,-1.0707027912139893,-0.9999824613332748
18,stable_true,True,True,0.9892604351043701,0.99992835521698,1.985558271408081,0.9856306314468384,-0.9999276399612427
19,stable_true,True,True,0.9892528653144836,1.0000009536743164,0.502612292766571,-0.49738791584968567,-1.0000002086162567
20,stable_false,False,False,0.9889079928398132,0.9999299645423889,0.3072066009044647,-0.6927223801612854,-0.9999289810657501
21,stable_false,False,False,0.9874324798583984,1.0000278949737549,-0.2067931443452835,-1.2068204879760742,-1.0000273436307907
22,stable_true,True,True,0.9900990128517151,1.0000195503234863,0.40821200609207153,-0.5918065905570984,-1.00001859664917
23,stable_false,False,False,0.9902186393737793,1.0000247955322266,-0.09745123982429504,-1.0974750518798828,-1.0000238120555878
24,stable_true,True,True,0.988294243812561,0.9999907612800598,0.34120750427246094,-0.6587826013565063,-0.9999901056289673
25,stable_false,False,False,0.9900028109550476,0.9999281764030457,2.1362838745117188,1.1363564729690552,-0.9999274015426636
26,stable_false,False,False,0.9895740747451782,1.000023365020752,1.3840563297271729,0.38403379917144775,-1.000022530555725
27,stable_false,False,False,0.9866206049919128,1.00002121925354,-0.2864699363708496,-1.2864904403686523,-1.0000205039978027
28,stable_true,True,True,0.9892568588256836,0.9999749660491943,1.211151123046875,0.21117694675922394,-0.9999741762876511
29,stable_true,True,True,0.9889808893203735,1.0000005960464478,0.11589835584163666,-0.884101390838623,-0.9999997466802597
30,stable_true,True,True,0.9856326580047607,1.000004529953003,0.8391001224517822,-0.1609037220478058,-1.000003844499588
31,stable_true,True,True,0.9894925355911255,0.9999507069587708,0.40878549218177795,-0.5911643505096436,-0.9999498426914215
32,stable_true,True,True,0.9875053763389587,0.9999697804450989,1.321800947189331,0.3218318223953247,-0.9999691247940063
33,stable_true,True,True,0.9890684485435486,0.9999441504478455,2.4497265815734863,1.4497830867767334,-0.9999434947967529
34,stable_true,True,True,0.9897357821464539,0.9999343752861023,1.233465313911438,0.23353183269500732,-0.9999334812164307
35,stable_true,True,True,0.9880490303039551,0.9999345541000366,-0.07212655246257782,-1.0720603466033936,-0.9999337941408157
36,stable_true,True,True,0.9894468784332275,0.9999678730964661,0.8337433338165283,-0.1662236601114273,-0.9999669939279556
37,regressed,True,False,0.9894282817840576,1.000030517578125,0.6863715648651123,-0.3136581778526306,-1.000029742717743
38,stable_true,True,True,0.9895462393760681,0.9999504685401917,1.864671230316162,0.8647215962409973,-0.9999496340751648
39,stable_true,True,True,0.9869362115859985,0.9999579787254333,0.3735038936138153,-0.6264535188674927,-0.999957412481308
40,stable_true,True,True,0.9896413683891296,1.0000331401824951,-0.6611418128013611,-1.6611740589141846,-1.0000322461128235
41,recovered,False,True,0.988694429397583,1.0000598430633545,-0.20584267377853394,-1.2059016227722168,-1.0000589489936829
42,recovered,False,True,0.9883445501327515,0.9999663829803467,0.06855090707540512,-0.9314148426055908,-0.9999657496809959
43,stable_true,True,True,0.9867861270904541,0.9999626874923706,0.4097246825695038,-0.5902372598648071,-0.9999619424343109
44,stable_true,True,True,0.9890396595001221,0.9999999403953552,1.1669983863830566,0.16699926555156708,-0.9999991208314896
45,stable_false,False,False,0.9896828532218933,1.0000147819519043,-0.6171185970306396,-1.6171324253082275,-1.000013828277588
46,recovered,False,True,0.9869681000709534,1.000022530555725,-0.19881711900234222,-1.1988389492034912,-1.000021830201149
47,stable_false,False,False,0.9871495366096497,0.9999760985374451,-0.2659747004508972,-1.2659502029418945,-0.9999755024909973
48,stable_false,False,False,0.987858235836029,0.9999714493751526,-0.20223042368888855,-1.2022008895874023,-0.9999704658985138
49,regressed,True,False,0.9887763261795044,0.9999909996986389,0.31248676776885986,-0.6875035166740417,-0.9999902844429016
50,stable_true,True,True,0.9894182085990906,0.9999418258666992,2.649540901184082,1.6495997905731201,-0.9999411106109619
51,stable_true,True,True,0.9904787540435791,0.9999393820762634,-0.1253787875175476,-1.1253173351287842,-0.9999385476112366
52,stable_true,True,True,0.9863936901092529,0.9999549984931946,-0.0843462347984314,-1.0843006372451782,-0.9999544024467468
53,stable_true,True,True,0.9881702065467834,0.9999921321868896,-0.11255926638841629,-1.1125504970550537,-0.9999912306666374
54,recovered,False,True,0.9901440143585205,1.0000444650650024,0.09530774503946304,-0.904735803604126,-1.000043548643589
55,stable_true,True,True,0.9887035489082336,0.999995231628418,0.10426853597164154,-0.8957257270812988,-0.9999942630529404
56,recovered,False,True,0.9912323355674744,0.9999790787696838,-0.8302363157272339,-1.830214500427246,-0.9999781847000122
57,stable_false,False,False,0.9893937110900879,0.9999872446060181,1.0348188877105713,0.03483239561319351,-0.9999864920973778
58,stable_true,True,True,0.9865574240684509,1.0000011920928955,0.09249096363782883,-0.9075095653533936,-1.0000005289912224
59,stable_true,True,True,0.9898518323898315,0.9999305605888367,2.6481704711914062,1.6482404470443726,-0.9999300241470337
60,stable_false,False,False,0.9886104464530945,0.9999773502349854,1.404129981994629,0.4041534662246704,-0.9999765157699585
61,stable_true,True,True,0.9892710447311401,1.0000325441360474,-0.017552919685840607,-1.0175844430923462,-1.0000315234065056
62,stable_true,True,True,0.9906455278396606,0.999924898147583,3.1140456199645996,2.114121437072754,-0.9999241828918457
63,stable_false,False,False,0.9907822012901306,0.9999777674674988,1.9043233394622803,0.9043465256690979,-0.9999768137931824
64,stable_false,False,False,0.9883291721343994,1.0000271797180176,-0.8752508163452148,-1.8752772808074951,-1.0000264644622803
65,stable_true,True,True,0.989050030708313,1.0000320672988892,0.18539324402809143,-0.8146380186080933,-1.0000312626361847
66,stable_false,False,False,0.989467978477478,0.9999662637710571,-0.32563015818595886,-1.3255953788757324,-0.9999652206897736
67,stable_true,True,True,0.9893694519996643,0.9998814463615417,2.274933099746704,1.275052547454834,-0.9998805522918701
68,stable_true,True,True,0.9907296299934387,0.9999690055847168,2.4552197456359863,1.4552515745162964,-0.9999681711196899
69,stable_true,True,True,0.9890008568763733,1.0000193119049072,1.491153597831726,0.4911350607872009,-1.0000185370445251
70,recovered,False,True,0.9883858561515808,0.9999853372573853,0.8726985454559326,-0.12728607654571533,-0.999984622001648
71,stable_true,True,True,0.987251341342926,1.0000139474868774,-0.1385963410139084,-1.1386096477508545,-1.000013306736946
72,stable_true,True,True,0.9903119802474976,1.0000693798065186,0.8314332962036133,-0.16863515973091125,-1.0000684559345245
73,recovered,False,True,0.9908696413040161,0.9999470114707947,0.7889547348022461,-0.21099130809307098,-0.9999460428953171
74,stable_true,True,True,0.9890004992485046,0.9999580979347229,1.2329238653182983,0.23296642303466797,-0.9999574422836304
75,recovered,False,True,0.9831077456474304,0.9999511241912842,0.8519505262374878,-0.14800000190734863,-0.9999505281448364
76,stable_true,True,True,0.9919198751449585,0.999926745891571,3.6979527473449707,2.698026657104492,-0.9999260902404785
77,stable_false,False,False,0.9888018369674683,1.0000044107437134,0.24791216850280762,-0.7520914673805237,-1.0000036358833313
78,stable_false,False,False,0.9893117547035217,1.000062346458435,-0.4459024965763092,-1.4459640979766846,-1.0000616014003754
79,stable_false,False,False,0.98879474401474,0.999977171421051,0.3576478958129883,-0.6423284411430359,-0.9999763369560242
80,stable_true,True,True,0.9892345666885376,0.9999270439147949,2.5917773246765137,1.591850996017456,-0.9999263286590576
81,recovered,False,True,0.9916355013847351,1.000148057937622,-0.04314218461513519,-1.043289303779602,-1.0001471191644669
82,stable_true,True,True,0.9878455400466919,1.0000184774398804,0.6558202505111694,-0.3441973924636841,-1.0000176429748535
83,recovered,False,True,0.9901861548423767,1.0000410079956055,-0.9611642360687256,-1.9612042903900146,-1.000040054321289
84,recovered,False,True,0.9882479310035706,0.9999445676803589,-0.1573178768157959,-1.1572617292404175,-0.9999438524246216
85,regressed,True,False,0.9880576729774475,0.9999696612358093,1.0562682151794434,0.05629946291446686,-0.9999687522649765
86,stable_false,False,False,0.9881811738014221,0.9999449253082275,1.6777441501617432,0.6777998805046082,-0.999944269657135
87,stable_true,True,True,0.9871978759765625,0.9999845027923584,0.541600227355957,-0.45838361978530884,-0.9999838471412659
88,stable_false,False,False,0.9885924458503723,0.9999953508377075,0.7225155234336853,-0.27747902274131775,-0.999994546175003
89,stable_true,True,True,0.9896535277366638,0.9999669194221497,1.5974278450012207,0.5974616408348083,-0.9999662041664124
90,stable_true,True,True,0.9885360598564148,1.0000025033950806,0.8032546043395996,-0.19674716889858246,-1.000001773238182
91,stable_true,True,True,0.9869608283042908,0.9999163746833801,0.3148110806941986,-0.6851046085357666,-0.9999156892299652
92,stable_true,True,True,0.9896124601364136,0.9999919533729553,2.4647014141082764,1.4647103548049927,-0.9999910593032837
93,regressed,True,False,0.9910067319869995,0.9999663829803467,0.5084820985794067,-0.49148333072662354,-0.9999654293060303
94,stable_true,True,True,0.9897383451461792,0.999967098236084,2.4260640144348145,1.4260977506637573,-0.9999662637710571
95,stable_false,False,False,0.9896387457847595,1.0000063180923462,-0.5889086723327637,-1.588914155960083,-1.0000054836273193
96,stable_true,True,True,0.9871211051940918,0.9999851584434509,1.367828369140625,0.367843896150589,-0.999984472990036
97,stable_true,True,True,0.9896448254585266,1.0000032186508179,0.011171184480190277,-0.988831102848053,-1.0000022873282433
98,stable_true,True,True,0.9893245100975037,0.999984622001648,2.7414002418518066,1.7414164543151855,-0.9999837875366211
99,stable_true,True,True,0.9907431602478027,0.999920666217804,2.4265379905700684,1.4266184568405151,-0.9999195337295532
100,recovered,False,True,0.9865441918373108,1.0000147819519043,0.1284252256155014,-0.871588945388794,-1.0000141710042953
101,regressed,True,False,0.988421618938446,0.9999070763587952,-0.03123595006763935,-1.031142234802246,-0.9999062847346067
102,stable_false,False,False,0.9883259534835815,0.9999877214431763,0.6854297518730164,-0.3145570456981659,-0.9999867975711823
103,stable_true,True,True,0.9893529415130615,1.000028133392334,2.774653434753418,1.7746257781982422,-1.0000276565551758
104,stable_true,True,True,0.9902219772338867,0.9999533295631409,2.85042405128479,1.8504716157913208,-0.9999524354934692
105,stable_true,True,True,0.9879958033561707,0.9999579191207886,0.7572692036628723,-0.24268803000450134,-0.9999572336673737
106,stable_true,True,True,0.9884569048881531,1.0000454187393188,1.0112860202789307,0.01124129444360733,-1.0000447258353233
107,stable_false,False,False,0.9880871176719666,0.999982476234436,0.04603387415409088,-0.953947901725769,-0.9999817758798599
108,recovered,False,True,0.98975670337677,0.9999866485595703,0.8429356813430786,-0.15705028176307678,-0.9999859631061554
109,stable_true,True,True,0.9901602268218994,0.99997878074646,1.917099952697754,0.917121946811676,-0.9999780058860779
110,stable_true,True,True,0.9887628555297852,1.0000879764556885,0.9118701219558716,-0.08821715414524078,-1.0000872761011124
111,recovered,False,True,0.9893063306808472,0.9999785423278809,0.5774749517440796,-0.42250287532806396,-0.9999778270721436
112,stable_true,True,True,0.988876461982727,1.0000098943710327,-0.36502960324287415,-1.3650386333465576,-1.0000090301036835
113,stable_true,True,True,0.9861459136009216,1.0000094175338745,0.02708538994193077,-0.9729233384132385,-1.0000087283551693
114,stable_true,True,True,0.988923966884613,0.999976396560669,0.4814873933792114,-0.5184882879257202,-0.9999756813049316
115,stable_true,True,True,0.9889636039733887,0.9999315738677979,2.75020170211792,1.7502706050872803,-0.9999310970306396
116,stable_false,False,False,0.9887853860855103,0.999941349029541,-0.48791617155075073,-1.4878566265106201,-0.9999404549598694
117,stable_false,False,False,0.9897285103797913,0.9999441504478455,0.24893292784690857,-0.7510104179382324,-0.999943345785141
118,stable_true,True,True,0.9900709986686707,0.9999685287475586,1.1448817253112793,0.1449141949415207,-0.9999675303697586
119,stable_true,True,True,0.9901320338249207,0.9999414682388306,2.560122013092041,1.5601816177368164,-0.9999403953552246
120,recovered,False,True,0.9875795245170593,1.0000449419021606,-0.04933817684650421,-1.049382209777832,-1.0000440329313278
121,recovered,False,True,0.9885510802268982,1.0000345706939697,0.5198935270309448,-0.48014035820961,-1.0000338852405548
122,stable_true,True,True,0.9868590831756592,0.9999790787696838,-0.3072914481163025,-1.3072700500488281,-0.9999786019325256
123,stable_false,False,False,0.9876822233200073,0.9999654293060303,-0.10219763219356537,-1.1021623611450195,-0.9999647289514542
124,stable_false,False,False,0.986591100692749,1.0000221729278564,0.1320793777704239,-0.8679422736167908,-1.0000216513872147
125,stable_true,True,True,0.9870969653129578,0.9999579191207886,-0.021154694259166718,-1.0211119651794434,-0.9999572709202766
126,stable_true,True,True,0.9867363572120667,0.9999716281890869,0.8227549195289612,-0.17721591889858246,-0.9999708384275436
127,stable_true,True,True,0.9903573393821716,0.9999998211860657,1.259493350982666,0.2594946026802063,-0.9999987483024597
128,stable_true,True,True,0.9895539283752441,0.9999843239784241,0.026936285197734833,-0.973047137260437,-0.9999834224581718
129,regressed,True,False,0.9879992008209229,1.0000096559524536,0.2098480761051178,-0.7901607751846313,-1.0000088512897491
130,recovered,False,True,0.9911800622940063,1.0000452995300293,-0.7367264032363892,-1.7367706298828125,-1.0000442266464233
131,stable_false,False,False,0.9847477078437805,0.9999322295188904,0.23259463906288147,-0.7673369646072388,-0.9999316036701202
132,stable_true,True,True,0.9876232147216797,0.9999523758888245,-0.30119723081588745,-1.3011491298675537,-0.9999518990516663
133,stable_true,True,True,0.9894754886627197,0.9999122023582458,1.2505565881729126,0.2506452202796936,-0.999911367893219
134,stable_true,True,True,0.9884604215621948,0.9999580383300781,2.574707508087158,1.5747499465942383,-0.9999575614929199
135,stable_false,False,False,0.987435519695282,1.000003695487976,1.6785035133361816,0.6785004138946533,-1.0000030994415283
136,stable_true,True,True,0.9897317290306091,0.9999647736549377,1.489943027496338,0.4899791479110718,-0.9999638795852661
137,stable_true,True,True,0.9884569644927979,1.0000206232070923,0.19660067558288574,-0.8034189939498901,-1.0000196695327759
138,recovered,False,True,0.9907631278038025,1.000009536743164,-0.7416245341300964,-1.7416330575942993,-1.0000085234642029
139,stable_false,False,False,0.9864374995231628,0.9999939799308777,0.1870642900466919,-0.8129289746284485,-0.9999932646751404
140,stable_true,True,True,0.9902792572975159,0.9999350309371948,1.3649673461914062,0.36503326892852783,-0.9999340772628784
141,stable_true,True,True,0.9911776185035706,0.9999623894691467,3.080982208251953,2.0810208320617676,-0.9999613761901855
142,stable_true,True,True,0.9896999001502991,1.0000277757644653,0.4062083959579468,-0.5938185453414917,-1.0000269412994385
143,recovered,False,True,0.9880234003067017,0.9999703168869019,1.224353551864624,0.22438380122184753,-0.9999697506427765
144,stable_true,True,True,0.9880721569061279,0.9999682903289795,2.0024290084838867,1.0024611949920654,-0.9999678134918213
145,stable_true,True,True,0.9911355376243591,0.9999920129776001,3.2992005348205566,2.2992095947265625,-0.9999909400939941
146,recovered,False,True,0.9898654818534851,1.0000373125076294,0.42099857330322266,-0.5790379047393799,-1.0000364780426025
147,stable_true,True,True,0.9898133873939514,1.0000118017196655,0.20297077298164368,-0.7970401048660278,-1.0000108778476715
148,stable_true,True,True,0.9886007308959961,0.9999150633811951,1.9029252529144287,0.9030108451843262,-0.9999144077301025
149,stable_false,False,False,0.9904423952102661,0.999925971031189,-0.16652174293994904,-1.1664469242095947,-0.9999251812696457
150,stable_true,True,True,0.987575352191925,0.9999820590019226,0.268635094165802,-0.7313463687896729,-0.9999814629554749
151,stable_true,True,True,0.9895213842391968,0.9999256134033203,2.6128289699554443,1.6129040718078613,-0.999924898147583
152,stable_true,True,True,0.9905022978782654,1.0000243186950684,-0.047408025711774826,-1.047431468963623,-1.0000234432518482
153,regressed,True,False,0.9893285632133484,0.9999357461929321,0.23737093806266785,-0.7625641822814941,-0.999935120344162
154,stable_true,True,True,0.9911158680915833,1.0000579357147217,-0.5366414189338684,-1.536698341369629,-1.0000569224357605
155,recovered,False,True,0.9860470294952393,1.0000152587890625,0.47286608815193176,-0.5271484851837158,-1.0000145733356476
156,stable_true,True,True,0.9889099597930908,0.9999399185180664,0.12121867388486862,-0.8787204623222351,-0.9999391362071037
157,stable_false,False,False,0.989407479763031,1.0000160932540894,0.21347615122795105,-0.7865391969680786,-1.0000153481960297
158,stable_true,True,True,0.9896947145462036,1.0000114440917969,0.5748028755187988,-0.42520785331726074,-1.0000107288360596
159,stable_true,True,True,0.9878650903701782,0.999953031539917,0.5246363878250122,-0.47531598806381226,-0.9999523758888245
160,stable_true,True,True,0.9895007014274597,1.000024437904358,0.72361159324646,-0.2764119505882263,-1.0000235438346863
161,stable_true,True,True,0.9882789850234985,0.9999900460243225,2.225748062133789,1.2257589101791382,-0.9999891519546509
162,stable_false,False,False,0.9890821576118469,0.999976396560669,-0.2490568608045578,-1.2490324974060059,-0.9999756366014481
163,stable_false,False,False,0.9892677068710327,0.9999696612358093,-0.5478693246841431,-1.5478380918502808,-0.9999687671661377
164,recovered,False,True,0.9893065690994263,1.0000014305114746,-0.08144886791706085,-1.081449270248413,-1.0000004023313522
165,stable_true,True,True,0.989702045917511,1.0000333786010742,-0.2754737138748169,-1.2755063772201538,-1.000032663345337
166,stable_true,True,True,0.9887919425964355,0.9999352693557739,2.396526336669922,1.3965919017791748,-0.9999344348907471
167,stable_false,False,False,0.9869014620780945,1.0000251531600952,0.27337974309921265,-0.7266448140144348,-1.0000245571136475
168,stable_true,True,True,0.9908820986747742,0.999965488910675,3.1567413806915283,2.1567766666412354,-0.999964714050293
169,stable_true,True,True,0.9871664643287659,0.9999045729637146,0.04939930886030197,-0.95050448179245,-0.9999037906527519
170,stable_true,True,True,0.9891839027404785,0.9998685121536255,1.7354614734649658,0.7355937957763672,-0.9998676776885986
171,stable_true,True,True,0.9899117350578308,1.0000004768371582,1.0908114910125732,0.09081219136714935,-0.9999992996454239
172,stable_true,True,True,0.9880174398422241,1.0000348091125488,0.40250062942504883,-0.5975333452224731,-1.000033974647522
173,stable_true,True,True,0.9895845651626587,0.9999729990959167,0.9495459794998169,-0.05042606592178345,-0.9999720454216003
174,stable_false,False,False,0.9885321259498596,0.9999912977218628,-0.34690535068511963,-1.3468958139419556,-0.9999904632568359
175,stable_true,True,True,0.9901670813560486,0.9998846054077148,2.35166072845459,1.3517768383026123,-0.9998838901519775
176,stable_false,False,False,0.9903137683868408,0.9999341368675232,1.1122913360595703,0.11235799640417099,-0.9999333396553993
177,stable_true,True,True,0.9894469976425171,0.9999145269393921,0.993943989276886,-0.005969766527414322,-0.9999137558043003
178,recovered,False,True,0.9890726208686829,0.9999829530715942,0.622510552406311,-0.3774716258049011,-0.9999821782112122
179,stable_false,False,False,0.9873406291007996,1.000038981437683,-0.31089547276496887,-1.3109337091445923,-1.0000382363796234
180,stable_false,False,False,0.9883339405059814,0.9999364614486694,0.8230162858963013,-0.1769193708896637,-0.999935656785965
181,stable_true,True,True,0.9885665774345398,1.0000066757202148,0.2346939891576767,-0.7653117775917053,-1.000005766749382
182,recovered,False,True,0.9864165782928467,0.9999933242797852,-0.18468120694160461,-1.1846739053726196,-0.999992698431015
183,stable_false,False,False,0.9885810017585754,0.9999673962593079,-0.25983285903930664,-1.2597994804382324,-0.9999666213989258
184,stable_true,True,True,0.9892072677612305,1.0000038146972656,-0.4939476251602173,-1.4939507246017456,-1.0000030994415283
185,recovered,False,True,0.9887629151344299,0.9999804496765137,0.9770520329475403,-0.022927578538656235,-0.9999796114861965
186,stable_true,True,True,0.9892886281013489,0.9999431371688843,0.8097927570343018,-0.19014959037303925,-0.999942347407341
187,stable_false,False,False,0.9883707761764526,0.9999910593032837,0.7209296226501465,-0.2790607213973999,-0.9999903440475464
188,stable_true,True,True,0.9887971878051758,0.9999545812606812,0.5532820224761963,-0.446671724319458,-0.9999537467956543
189,stable_false,False,False,0.9871735572814941,0.9999792575836182,-0.35322725772857666,-1.3532058000564575,-0.9999785423278809
190,stable_true,True,True,0.9901073575019836,1.0000591278076172,0.1373089849948883,-0.8627492189407349,-1.0000582039356232
191,stable_false,False,False,0.9894359707832336,0.999968409538269,1.068368673324585,0.06840121001005173,-0.9999674633145332
192,stable_true,True,True,0.9894717931747437,0.9999785423278809,0.458734393119812,-0.5412432551383972,-0.9999776482582092
193,stable_false,False,False,0.9876360297203064,0.9999741315841675,1.1214723587036133,0.12149886041879654,-0.9999734982848167
194,stable_true,True,True,0.9880079030990601,0.9999318718910217,0.8316318988800049,-0.16829913854599,-0.9999310374259949
195,recovered,False,True,0.989996612071991,1.0000563859939575,0.009856341406702995,-0.990199089050293,-1.000055430456996
196,recovered,False,True,0.9907937049865723,0.999943733215332,0.08189678192138672,-0.9180458784103394,-0.9999426603317261
197,regressed,True,False,0.9892791509628296,0.9999797344207764,2.4274535179138184,1.4274743795394897,-0.9999791383743286
198,recovered,False,True,0.9902390241622925,0.999973475933075,-0.6400152444839478,-1.6399879455566406,-0.9999727010726929
199,stable_true,True,True,0.9891228675842285,1.0000056028366089,0.7791823744773865,-0.2208225429058075,-1.000004917383194
200,stable_true,True,True,0.9892193078994751,0.9999926686286926,2.478189468383789,1.4781975746154785,-0.9999918937683105
201,stable_true,True,True,0.9879226684570312,0.9999362826347351,0.403276264667511,-0.5966591835021973,-0.9999354481697083
202,regressed,True,False,0.9867246150970459,1.0000677108764648,0.7520473003387451,-0.24801969528198242,-1.0000669956207275
203,stable_false,False,False,0.9895405173301697,0.9999991655349731,0.44499194622039795,-0.5550063848495483,-0.9999983310699463
204,stable_false,False,False,0.9860236644744873,1.0000109672546387,0.014227718114852905,-0.9857826232910156,-1.0000103414058685
205,stable_true,True,True,0.990814208984375,1.0000064373016357,1.7056641578674316,0.7056587934494019,-1.0000053644180298
206,stable_true,True,True,0.9885058999061584,0.9999498724937439,2.081402063369751,1.0814526081085205,-0.9999494552612305
207,stable_false,False,False,0.9885310530662537,0.9999414086341858,0.1727599799633026,-0.8271806836128235,-0.9999406635761261
208,recovered,False,True,0.9878321290016174,1.0000227689743042,0.11574651300907135,-0.8842756152153015,-1.0000221282243729
209,recovered,False,True,0.9884515404701233,0.9999896883964539,1.3964884281158447,0.3964995741844177,-0.999988853931427
210,stable_true,True,True,0.9899515509605408,0.9999837279319763,1.0202840566635132,0.020301200449466705,-0.9999828562140465
211,recovered,False,True,0.9890017509460449,0.9999690651893616,0.047038231045007706,-0.9529300332069397,-0.9999682642519474
212,stable_true,True,True,0.9886525273323059,0.999968945980072,0.825883150100708,-0.17408502101898193,-0.9999681711196899
213,stable_true,True,True,0.9894669055938721,1.000000238418579,0.4602259695529938,-0.5397733449935913,-0.9999993145465851
214,stable_false,False,False,0.9871162176132202,0.999991774559021,-0.6741548180580139,-1.6741456985473633,-0.9999908804893494
215,stable_false,False,False,0.9904457330703735,1.0000444650650024,-0.3438642621040344,-1.3439078330993652,-1.0000435709953308
216,stable_false,False,False,0.9883962273597717,0.9999079704284668,0.4753834903240204,-0.5245237350463867,-0.9999072253704071
217,stable_true,True,True,0.9897018671035767,0.9999727010726929,2.3897452354431152,1.3897733688354492,-0.999971866607666
218,recovered,False,True,0.9895235896110535,0.9999235272407532,-0.12255828827619553,-1.122480869293213,-0.9999225810170174
219,stable_true,True,True,0.9900484681129456,1.0000046491622925,2.437222480773926,1.4372187852859497,-1.000003695487976
220,recovered,False,True,0.9885690212249756,1.0000132322311401,-0.5938204526901245,-1.5938328504562378,-1.0000123977661133
221,stable_true,True,True,0.9870175123214722,1.0000687837600708,0.23135676980018616,-0.768711268901825,-1.000068038702011
222,stable_true,True,True,0.9897310137748718,1.0000299215316772,0.03996980935335159,-0.9600591063499451,-1.0000289157032967
223,stable_false,False,False,0.989047646522522,0.9999769330024719,0.34363028407096863,-0.656345784664154,-0.9999760687351227
224,stable_true,True,True,0.9910229444503784,0.9999914765357971,3.0378196239471436,2.0378291606903076,-0.9999904632568359
225,stable_true,True,True,0.9899744391441345,0.9999502897262573,0.48711830377578735,-0.5128311514854431,-0.9999494552612305
226,stable_true,True,True,0.9900230169296265,1.0000234842300415,1.7480164766311646,0.7479937076568604,-1.0000227689743042
227,stable_true,True,True,0.988280713558197,1.0000543594360352,0.20552894473075867,-0.794524610042572,-1.0000535547733307
228,stable_true,True,True,0.9875367879867554,0.9999399781227112,-0.009314389899373055,-1.0092535018920898,-0.9999391119927168
229,stable_true,True,True,0.9899512529373169,0.9999927282333374,2.238161087036133,1.2381694316864014,-0.9999916553497314
230,stable_true,True,True,0.9884641170501709,0.9999334216117859,0.30778443813323975,-0.6921482086181641,-0.9999326467514038
231,stable_true,True,True,0.9886885285377502,0.9999446272850037,1.865393877029419,0.8654497861862183,-0.9999440908432007
232,stable_true,True,True,0.9907382726669312,0.9999788999557495,2.319437026977539,1.3194588422775269,-0.9999781847000122
233,stable_true,True,True,0.9892088174819946,0.999985933303833,1.0553770065307617,0.0553918294608593,-0.9999851770699024
234,stable_true,True,True,0.988275945186615,1.0000016689300537,0.9451103210449219,-0.054890505969524384,-1.0000008270144463
235,stable_false,False,False,0.989385724067688,0.9999698400497437,-0.0966438353061676,-1.0966129302978516,-0.999969094991684
236,stable_false,False,False,0.9898439049720764,1.0000566244125366,-0.08366083353757858,-1.083716630935669,-1.0000557973980904
237,stable_true,True,True,0.9901247024536133,0.9999802112579346,1.2953498363494873,0.2953704595565796,-0.9999793767929077
238,stable_false,False,False,0.9901005625724792,1.0000053644180298,-0.4705439805984497,-1.4705485105514526,-1.000004529953003
239,stable_true,True,True,0.9900009036064148,0.9999849796295166,0.1451694518327713,-0.8548145294189453,-0.9999839812517166
240,recovered,False,True,0.9904574751853943,1.000065565109253,-0.1966734528541565,-1.1967382431030273,-1.0000647902488708
241,regressed,True,False,0.9907281994819641,1.0000216960906982,0.005120925605297089,-0.9948996901512146,-1.0000206157565117
242,stable_false,False,False,0.9884153604507446,1.0000643730163574,0.1502283811569214,-0.8498352766036987,-1.0000636577606201
243,stable_true,True,True,0.9896401166915894,0.9999859929084778,1.869039535522461,0.8690541982650757,-0.9999853372573853
244,regressed,True,False,0.989362359046936,1.0000206232070923,0.03400665521621704,-0.9660131931304932,-1.0000198483467102
245,stable_false,False,False,0.9866769909858704,1.0000470876693726,-0.46233510971069336,-1.462381362915039,-1.0000462532043457
246,stable_true,True,True,0.990746021270752,1.0000090599060059,0.8907595276832581,-0.10924870520830154,-1.0000082328915596
247,stable_false,False,False,0.9887630343437195,1.0000547170639038,0.6437908411026001,-0.35626307129859924,-1.0000539124011993
248,stable_true,True,True,0.990308403968811,1.0000085830688477,1.8808224201202393,0.8808149099349976,-1.0000075101852417
249,stable_false,False,False,0.9901269674301147,0.9999455213546753,0.17818525433540344,-0.8217593431472778,-0.9999445974826813
250,recovered,False,True,0.9887459874153137,0.9999562501907349,1.1822667121887207,0.18231123685836792,-0.9999554753303528
251,stable_true,True,True,0.9896031022071838,1.000028133392334,0.14043016731739044,-0.8595971465110779,-1.0000273138284683
252,stable_true,True,True,0.9881181716918945,1.0000262260437012,0.5004412531852722,-0.49958425760269165,-1.0000255107879639
253,stable_true,True,True,0.9901314377784729,0.9999693036079407,0.8730520009994507,-0.12691637873649597,-0.9999683797359467
254,stable_true,True,True,0.9905787110328674,0.9999929666519165,1.8573286533355713,0.857336699962616,-0.9999919533729553
255,stable_true,True,True,0.9889678359031677,1.0000815391540527,0.6764346361160278,-0.32364600896835327,-1.000080645084381
256,stable_false,False,False,0.9903126955032349,0.9999784231185913,0.9939006567001343,-0.006076805293560028,-0.9999774619936943
257,stable_false,False,False,0.9889920353889465,0.9999576210975647,-0.036595746874809265,-1.0365525484085083,-0.999956801533699
258,stable_false,False,False,0.9879941940307617,0.999994158744812,1.3810168504714966,0.3810235261917114,-0.9999933242797852
259,stable_true,True,True,0.9883109331130981,0.9999294877052307,2.062865734100342,1.0629369020462036,-0.9999288320541382
260,stable_false,False,False,0.987145721912384,1.0000351667404175,-0.3188076615333557,-1.3188422918319702,-1.0000346302986145
261,stable_true,True,True,0.9888959527015686,0.9999880194664001,1.4691898822784424,0.46920275688171387,-0.9999871253967285
262,stable_true,True,True,0.9900393486022949,1.0000132322311401,0.4235135316848755,-0.576498806476593,-1.0000123381614685
263,stable_false,False,False,0.9894594550132751,0.9999851584434509,0.2835681140422821,-0.7164162397384644,-0.9999843537807465
264,stable_false,False,False,0.9876852631568909,0.9999181628227234,0.43386009335517883,-0.5660572648048401,-0.9999173581600189
265,stable_false,False,False,0.9903028011322021,1.0000250339508057,0.38531625270843506,-0.6147078275680542,-1.0000240802764893
266,recovered,False,True,0.9880040287971497,0.9999504685401917,0.0529908612370491,-0.9469587206840515,-0.9999495819211006
267,stable_true,True,True,0.9896643161773682,0.9999783635139465,0.560857355594635,-0.4391201436519623,-0.9999774992465973
268,stable_true,True,True,0.9896964430809021,0.9999830722808838,2.8004562854766846,1.800473928451538,-0.9999823570251465
269,stable_false,False,False,0.9895626902580261,0.9999249577522278,0.3014810383319855,-0.6984429955482483,-0.9999240338802338
270,recovered,False,True,0.9895711541175842,0.9999911785125732,2.1713695526123047,1.1713793277740479,-0.9999902248382568
271,stable_false,False,False,0.9887849688529968,1.0000648498535156,0.6447759866714478,-0.35528799891471863,-1.0000639855861664
272,stable_true,True,True,0.9865037798881531,1.0000120401382446,-0.14823013544082642,-1.148241639137268,-1.0000115036964417
273,stable_true,True,True,0.9907431602478027,0.9999452233314514,2.7387256622314453,1.7387813329696655,-0.9999443292617798
274,recovered,False,True,0.9884015917778015,0.9999776482582092,1.5935206413269043,0.5935436487197876,-0.9999769926071167
275,stable_true,True,True,0.9895220398902893,0.9999937415122986,1.6860827207565308,0.6860896348953247,-0.999993085861206
276,stable_false,False,False,0.9877060651779175,0.9999752640724182,0.07968396693468094,-0.9202905893325806,-0.9999745562672615
277,stable_true,True,True,0.9882392287254333,0.9999499320983887,0.3543919324874878,-0.645557165145874,-0.9999490976333618
278,stable_true,True,True,0.9904329180717468,0.9999441504478455,2.7449700832366943,1.7450265884399414,-0.9999434947967529
279,recovered,False,True,0.9887080192565918,0.9999873638153076,0.1482255905866623,-0.8517609238624573,-0.9999865144491196
280,recovered,False,True,0.9887513518333435,0.99993896484375,1.041733980178833,0.041796207427978516,-0.9999377727508545
281,recovered,False,True,0.9889616370201111,0.9999567270278931,1.00719153881073,0.007235445082187653,-0.9999560937285423
282,recovered,False,True,0.9890279173851013,0.9999898076057434,2.484572649002075,1.4845833778381348,-0.9999892711639404
283,recovered,False,True,0.9884838461875916,0.9999489784240723,1.902662992477417,0.9027146100997925,-0.9999483823776245
284,stable_true,True,True,0.989050030708313,0.9999929666519165,0.7624186277389526,-0.2375735342502594,-0.999992161989212
285,stable_true,True,True,0.9877253174781799,0.9999628067016602,2.0992655754089355,1.0993034839630127,-0.9999620914459229
286,stable_true,True,True,0.9898300170898438,0.9999591708183289,0.2458406537771225,-0.7541176080703735,-0.999958261847496
287,stable_false,False,False,0.9907945394515991,0.9999635219573975,0.7925750017166138,-0.20738765597343445,-0.9999626576900482
288,stable_false,False,False,0.9889553189277649,1.0000511407852173,-0.5594210624694824,-1.5594712495803833,-1.0000501871109009
289,stable_false,False,False,0.9881295561790466,1.0000332593917847,0.5793119668960571,-0.4207206666469574,-1.0000326335430145
290,stable_true,True,True,0.989572286605835,0.9999593496322632,1.3700058460235596,0.37004733085632324,-0.9999585151672363
291,stable_false,False,False,0.9886253476142883,0.9999951720237732,-0.06332056224346161,-1.0633149147033691,-0.9999943524599075
292,stable_true,True,True,0.988339900970459,1.0000003576278687,1.201714277267456,0.20171454548835754,-0.9999997317790985
293,stable_false,False,False,0.9903146624565125,1.0000098943710327,1.039320707321167,0.0393117219209671,-1.0000089854002
294,stable_true,True,True,0.9887534379959106,0.9999932050704956,2.009486198425293,1.0094939470291138,-0.9999922513961792
295,stable_false,False,False,0.9904618859291077,1.0000096559524536,-1.3265697956085205,-2.3265786170959473,-1.0000088214874268
296,recovered,False,True,0.9879547357559204,1.0000100135803223,1.454596757888794,0.45458734035491943,-1.0000094175338745
297,stable_true,True,True,0.9891445636749268,0.9999259114265442,2.068966865539551,1.0690418481826782,-0.9999250173568726
298,stable_true,True,True,0.9884659647941589,0.9999778270721436,2.149599552154541,1.1496222019195557,-0.9999773502349854
299,stable_true,True,True,0.9860144853591919,1.000066876411438,-0.07187903672456741,-1.0719451904296875,-1.00006615370512
300,stable_true,True,True,0.9895116090774536,1.0000156164169312,0.8730158805847168,-0.12699894607067108,-1.0000148266553879
301,stable_false,False,False,0.9896888732910156,0.9999765753746033,0.17040525376796722,-0.8295704126358032,-0.9999756664037704
302,recovered,False,True,0.9890037775039673,0.9999884366989136,1.065373182296753,0.06538565456867218,-0.9999875277280807
303,stable_true,True,True,0.9885305762290955,0.9999905824661255,0.4566264748573303,-0.5433633327484131,-0.9999898076057434
304,stable_false,False,False,0.9898889064788818,0.9999484419822693,-0.13573144376277924,-1.1356788873672485,-0.9999474436044693
305,stable_false,False,False,0.9902371168136597,1.0000157356262207,-0.3929177224636078,-1.392932415008545,-1.0000146925449371
306,stable_false,False,False,0.9891428351402283,0.99998539686203,-0.7957543134689331,-1.7957388162612915,-0.9999845027923584
307,stable_false,False,False,0.9901997447013855,1.0000022649765015,-1.1664116382598877,-2.1664130687713623,-1.0000014305114746
308,stable_false,False,False,0.9898509979248047,1.0000169277191162,0.9053201079368591,-0.09469587355852127,-1.0000159814953804
309,stable_true,True,True,0.9886478185653687,0.9999869465827942,-0.06449835002422333,-1.0644845962524414,-0.9999862462282181
310,stable_true,True,True,0.9878600239753723,0.9999027252197266,1.1422953605651855,0.14239349961280823,-0.9999018609523773
311,stable_false,False,False,0.9906141757965088,1.0000216960906982,-0.390638142824173,-1.3906588554382324,-1.0000207126140594
312,stable_false,False,False,0.9872528910636902,0.9999755024909973,-0.12892001867294312,-1.1288948059082031,-0.99997478723526
313,stable_false,False,False,0.9871345162391663,1.0000149011611938,0.19745203852653503,-0.8025621175765991,-1.0000141561031342
314,stable_true,True,True,0.9909481406211853,1.0000112056732178,2.2823963165283203,1.2823859453201294,-1.000010371208191
315,stable_false,False,False,0.9889333248138428,1.0000323057174683,0.21015632152557373,-0.7898752689361572,-1.000031590461731
316,stable_false,False,False,0.9899210929870605,0.999988853931427,0.7344397306442261,-0.2655482888221741,-0.9999880194664001
317,stable_true,True,True,0.9907587170600891,0.9999278783798218,2.638730764389038,1.6388037204742432,-0.9999270439147949
318,recovered,False,True,0.9896061420440674,0.9999979734420776,0.11809363961219788,-0.8819034695625305,-0.9999971091747284
319,stable_true,True,True,0.9905052781105042,0.9998693466186523,1.301938533782959,0.30207017064094543,-0.9998683631420135
320,recovered,False,True,0.9875176548957825,0.999984085559845,-0.07852604985237122,-1.0785094499588013,-0.99998340010643
321,stable_true,True,True,0.9889628291130066,1.0000131130218506,0.680243194103241,-0.3197692632675171,-1.000012457370758
322,recovered,False,True,0.9882071018218994,1.0000250339508057,0.6052799224853516,-0.39474430680274963,-1.0000242292881012
323,stable_true,True,True,0.9899344444274902,1.0000003576278687,2.669905424118042,1.6699059009552002,-0.9999995231628418
324,stable_false,False,False,0.9883103966712952,0.9999707341194153,0.9353958368301392,-0.064574234187603,-0.9999700710177422
325,stable_true,True,True,0.9886335730552673,0.9999224543571472,1.206141710281372,0.20622017979621887,-0.9999215304851532
326,stable_true,True,True,0.9877265691757202,1.000010371208191,-0.2964112162590027,-1.2964208126068115,-1.0000095963478088
327,stable_true,True,True,0.9868494272232056,0.9999467730522156,-0.06677509099245071,-1.0667212009429932,-0.9999461099505424
328,stable_false,False,False,0.9871211647987366,0.9999287724494934,1.2187354564666748,0.2188073992729187,-0.9999280571937561
329,stable_true,True,True,0.9906062483787537,0.9999387264251709,1.7624460458755493,0.7625081539154053,-0.999937891960144
330,stable_true,True,True,0.9907023310661316,0.9999825954437256,2.893603563308716,1.8936216831207275,-0.9999818801879883
331,stable_true,True,True,0.9904018640518188,0.9999884963035583,-0.7128018736839294,-1.7127894163131714,-0.9999875426292419
332,recovered,False,True,0.988218367099762,0.9998995661735535,1.3549951314926147,0.3550964295864105,-0.9998987019062042
333,stable_false,False,False,0.9868387579917908,0.9999573826789856,-0.26350653171539307,-1.2634633779525757,-0.9999568462371826
334,stable_false,False,False,0.987975001335144,0.9999505877494812,-0.20677697658538818,-1.2067266702651978,-0.9999496936798096
335,stable_false,False,False,0.988461971282959,0.9999579787254333,-0.17380869388580322,-1.1737658977508545,-0.9999572038650513
336,stable_true,True,True,0.9881255030632019,0.9999978542327881,0.43105819821357727,-0.5689388513565063,-0.9999970495700836
337,regressed,True,False,0.9881889820098877,1.0000014305114746,-0.44474679231643677,-1.4447474479675293,-1.0000006556510925
338,stable_true,True,True,0.9913377165794373,0.9999718070030212,0.7985975742340088,-0.20137318968772888,-0.9999707639217377
339,stable_true,True,True,0.988305389881134,0.9999414682388306,1.3641972541809082,0.3642563819885254,-0.9999408721923828
340,stable_true,True,True,0.9879454374313354,0.9999744296073914,-0.1607876420021057,-1.1607613563537598,-0.999973714351654
341,regressed,True,False,0.9894420504570007,1.000006079673767,-0.30370861291885376,-1.3037137985229492,-1.0000051856040955
342,stable_true,True,True,0.9908176064491272,0.9999780058860779,-0.30961787700653076,-1.3095951080322266,-0.9999772310256958
343,recovered,False,True,0.989491879940033,1.0000290870666504,0.4626387357711792,-0.5373895764350891,-1.0000283122062683
344,stable_false,False,False,0.9898779988288879,0.9999027848243713,-0.26494649052619934,-1.2648483514785767,-0.9999018609523773
345,recovered,False,True,0.9885743856430054,0.9999503493309021,1.2712485790252686,0.27129900455474854,-0.99994957447052
346,stable_true,True,True,0.9887281060218811,0.9999592304229736,0.04609942436218262,-0.9538590908050537,-0.9999585151672363
347,stable_false,False,False,0.9891223311424255,0.9999783039093018,-0.3376816511154175,-1.3376591205596924,-0.9999774694442749
348,stable_false,False,False,0.9900827407836914,0.9999043941497803,2.040834426879883,1.040930986404419,-0.9999034404754639
349,stable_true,True,True,0.9892628788948059,1.0000147819519043,2.4701614379882812,1.4701473712921143,-1.000014066696167
350,stable_true,True,True,0.9903296232223511,0.9999430179595947,1.7734473943710327,0.7735052108764648,-0.9999421834945679
351,stable_true,True,True,0.9884738326072693,0.9999400973320007,2.2120754718780518,1.2121360301971436,-0.9999394416809082
352,stable_true,True,True,0.9862259030342102,0.9999346733093262,0.022830484434962273,-0.977103590965271,-0.9999340754002333
353,stable_false,False,False,0.989223837852478,0.9999510049819946,0.6874154210090637,-0.3125348687171936,-0.9999502897262573
354,stable_false,False,False,0.9903373718261719,0.9999832510948181,-0.6560992002487183,-1.6560814380645752,-0.9999822378158569
355,regressed,True,False,0.9875934720039368,0.9999698996543884,-0.08286549150943756,-1.0828344821929932,-0.9999689906835556
356,stable_false,False,False,0.9888498783111572,1.0000296831130981,0.16340485215187073,-0.8366241455078125,-1.0000289976596832
357,stable_false,False,False,0.9889650940895081,1.0000566244125366,0.7335497736930847,-0.2665059268474579,-1.0000557005405426
358,stable_false,False,False,0.9889261722564697,0.9999915957450867,0.3080475926399231,-0.6919431686401367,-0.9999907612800598
359,stable_false,False,False,0.9899070858955383,0.9999339580535889,-0.06618214398622513,-1.066115140914917,-0.9999329969286919
360,stable_false,False,False,0.9887582063674927,1.000081181526184,0.9162226915359497,-0.0838577151298523,-1.000080406665802
361,recovered,False,True,0.989824652671814,0.9999751448631287,0.6828833818435669,-0.31709104776382446,-0.9999744296073914
362,stable_true,True,True,0.9891143441200256,0.9999638199806213,0.5969480872154236,-0.40301498770713806,-0.9999630749225616
363,stable_true,True,True,0.9886698126792908,0.9999850392341614,0.5532450079917908,-0.44673919677734375,-0.9999842047691345
364,recovered,False,True,0.989203155040741,0.9999570846557617,2.0393190383911133,1.0393624305725098,-0.9999566078186035
365,stable_false,False,False,0.9883081912994385,1.0000054836273193,-0.24195745587348938,-1.241962194442749,-1.0000047385692596
366,stable_true,True,True,0.9906427264213562,0.9999958872795105,1.1105740070343018,0.11057914793491364,-0.9999948590993881
367,stable_false,False,False,0.9902285933494568,1.0000076293945312,0.7980779409408569,-0.20192870497703552,-1.0000066459178925
368,recovered,False,True,0.9884917736053467,1.0000662803649902,2.229923963546753,1.2298582792282104,-1.0000656843185425
369,stable_false,False,False,0.9884254932403564,0.9999752044677734,0.07421163469552994,-0.9257626533508301,-0.99997428804636
370,stable_true,True,True,0.9897802472114563,1.0000264644622803,1.740142822265625,0.7401174902915955,-1.0000253319740295
371,stable_true,True,True,0.9886158108711243,0.9999479055404663,0.7927228212356567,-0.20722419023513794,-0.9999470114707947
372,stable_true,True,True,0.9902074933052063,0.9999746084213257,1.199761152267456,0.19978748261928558,-0.9999736696481705
373,stable_true,True,True,0.9895583987236023,0.9999763369560242,0.6951648592948914,-0.30481013655662537,-0.9999749958515167
374,stable_true,True,True,0.9879892468452454,0.9999909400939941,0.8501414656639099,-0.14984875917434692,-0.9999902248382568
375,stable_true,True,True,0.991204559803009,0.9999664425849915,0.5790339708328247,-0.42093151807785034,-0.999965488910675
376,stable_true,True,True,0.9896813035011292,1.0000035762786865,1.2477617263793945,0.24775901436805725,-1.0000027120113373
377,stable_false,False,False,0.9886812567710876,1.000024437904358,0.025599345564842224,-0.9744243621826172,-1.0000237077474594
378,stable_true,True,True,0.9889786243438721,0.9999916553497314,0.7644467949867249,-0.23554405570030212,-0.999990850687027
379,stable_false,False,False,0.9912369847297668,0.999966025352478,0.8505978584289551,-0.1493670642375946,-0.9999649226665497
380,stable_false,False,False,0.9882777333259583,0.999924898147583,-0.6971091032028198,-1.697033166885376,-0.9999240636825562
381,stable_true,True,True,0.9875648021697998,1.0000072717666626,-0.31116941571235657,-1.311176061630249,-1.0000066459178925
382,stable_false,False,False,0.9892357587814331,1.0000507831573486,0.31715142726898193,-0.6828984022140503,-1.0000498294830322
383,stable_false,False,False,0.9892974495887756,0.9999291300773621,1.5194175243377686,0.5194891691207886,-0.99992835521698
384,stable_false,False,False,0.9890749454498291,0.9999642372131348,1.1634588241577148,0.16349563002586365,-0.9999631941318512
385,stable_false,False,False,0.9894573092460632,0.9999902248382568,1.5335679054260254,0.5335782766342163,-0.9999896287918091
386,stable_true,True,True,0.9880136251449585,0.9999630451202393,0.9342016577720642,-0.06576063483953476,-0.999962292611599
387,stable_false,False,False,0.988978922367096,0.9999775290489197,0.6807774305343628,-0.3191990852355957,-0.9999765157699585
388,stable_false,False,False,0.987937867641449,0.9999193549156189,0.548505425453186,-0.45141324400901794,-0.999918669462204
389,stable_true,True,True,0.9862378835678101,1.0000008344650269,0.06265300512313843,-0.9373471140861511,-1.0000001192092896
390,stable_true,True,True,0.9903696775436401,0.9999454617500305,0.5322375297546387,-0.46770697832107544,-0.9999445080757141
391,stable_true,True,True,0.9881401658058167,0.9999570250511169,0.4188256859779358,-0.5811305046081543,-0.9999561905860901
392,stable_true,True,True,0.9883258938789368,0.9999808073043823,0.45649266242980957,-0.5434872508049011,-0.9999799132347107
393,stable_false,False,False,0.9880275130271912,1.0000014305114746,0.108340322971344,-0.8916600942611694,-1.0000004172325134
394,stable_true,True,True,0.986771821975708,0.9999790191650391,0.2869619131088257,-0.7130163908004761,-0.9999783039093018
395,stable_false,False,False,0.9880951046943665,1.0000032186508179,1.1074728965759277,0.10747052729129791,-1.0000023692846298
396,stable_true,True,True,0.9896333813667297,0.999988853931427,0.6413817405700684,-0.3586062788963318,-0.9999880194664001
397,stable_true,True,True,0.9872341752052307,1.0000096559524536,0.9288519024848938,-0.07115708291530609,-1.0000089854002
398,stable_true,True,True,0.9897122979164124,1.0000314712524414,1.331573486328125,0.33154284954071045,-1.0000306367874146
399,recovered,False,True,0.9893202185630798,0.9999496936798096,2.464794158935547,1.4648449420928955,-0.9999492168426514
400,stable_true,True,True,0.9879727363586426,1.0000042915344238,0.3823036849498749,-0.6176997423171997,-1.0000034272670746
401,stable_false,False,False,0.9875829815864563,0.999965488910675,1.0042575597763062,0.0042927805334329605,-0.9999647792428732
402,regressed,True,False,0.9896411895751953,1.00003981590271,1.8227732181549072,0.8227343559265137,-1.0000388622283936
403,stable_false,False,False,0.9882603883743286,0.9999801516532898,0.37857288122177124,-0.6214064955711365,-0.9999793767929077
404,stable_false,False,False,0.9888205528259277,0.9999818801879883,0.6367583274841309,-0.36322277784347534,-0.9999811053276062
405,stable_true,True,True,0.9893375039100647,1.0000449419021606,2.5530457496643066,1.5530016422271729,-1.0000441074371338
406,stable_false,False,False,0.9875379204750061,0.999947726726532,1.9842816591262817,0.9843347072601318,-0.9999469518661499
407,stable_false,False,False,0.9896992444992065,1.0000035762786865,0.516615629196167,-0.48338714241981506,-1.000002771615982
408,stable_true,True,True,0.9894475340843201,0.9999843835830688,1.132493257522583,0.13250990211963654,-0.9999833554029465
409,recovered,False,True,0.9906314015388489,1.0000405311584473,0.02021671086549759,-0.9798225164413452,-1.0000392273068428
410,stable_true,True,True,0.9891364574432373,0.9999249577522278,1.0521211624145508,0.05219709128141403,-0.9999240711331367
411,regressed,True,False,0.990306556224823,0.9999415874481201,2.204205274581909,1.2042646408081055,-0.9999406337738037
412,stable_true,True,True,0.989900529384613,1.0000518560409546,0.4890804588794708,-0.5109707117080688,-1.0000511705875397
413,stable_false,False,False,0.9880310297012329,0.9999851584434509,-0.5555487871170044,-1.5555332899093628,-0.9999845027923584
414,recovered,False,True,0.9875913858413696,0.9999929666519165,-0.11662838608026505,-1.1166205406188965,-0.9999921545386314
415,stable_false,False,False,0.9873071908950806,0.999999463558197,0.010842371731996536,-0.9891564846038818,-0.9999988563358784
416,stable_false,False,False,0.9890645742416382,0.9999611377716064,0.4542592167854309,-0.5457011461257935,-0.9999603629112244
417,stable_true,True,True,0.9886738061904907,1.0000653266906738,0.7417429685592651,-0.2583215832710266,-1.0000645518302917
418,stable_true,True,True,0.991435170173645,1.000025749206543,1.0791882276535034,0.07916359603404999,-1.0000246316194534
419,stable_true,True,True,0.9890351891517639,1.0000203847885132,-0.20226483047008514,-1.202284574508667,-1.0000197440385818
420,stable_false,False,False,0.990600049495697,0.9999771118164062,-0.20092055201530457,-1.2008967399597168,-0.9999761879444122
421,stable_true,True,True,0.9897294640541077,0.9999629259109497,1.7924854755401611,0.7925233244895935,-0.9999621510505676
422,stable_false,False,False,0.9876984357833862,1.0000585317611694,-0.4157225787639618,-1.4157803058624268,-1.000057727098465
423,stable_true,True,True,0.9883269667625427,0.9999973177909851,2.062476873397827,1.062480092048645,-0.9999967813491821
424,stable_true,True,True,0.9893036484718323,0.9999353289604187,2.6726973056793213,1.6727625131607056,-0.9999347925186157
425,regressed,True,False,0.9892721176147461,0.9999381899833679,2.0891969203948975,1.089259386062622,-0.9999375343322754
426,stable_true,True,True,0.989970862865448,0.9998711943626404,2.484252691268921,1.484382152557373,-0.9998705387115479
427,stable_false,False,False,0.9885358810424805,0.9999771118164062,0.5288287401199341,-0.4711475968360901,-0.9999763369560242
428,recovered,False,True,0.9875073432922363,0.9999932050704956,0.26555413007736206,-0.734438419342041,-0.9999925494194031
429,stable_false,False,False,0.9881138801574707,0.9999918341636658,0.9262397885322571,-0.07375138252973557,-0.9999911710619926
430,stable_false,False,False,0.9902474284172058,1.0000005960464478,-0.8251910209655762,-1.825190544128418,-0.9999995231628418
431,stable_true,True,True,0.9894967675209045,0.9999535083770752,1.4557915925979614,0.45583879947662354,-0.9999527931213379
432,stable_true,True,True,0.9883195757865906,1.0000331401824951,0.12440871447324753,-0.8756235837936401,-1.0000322982668877
433,stable_false,False,False,0.9895642399787903,0.999977171421051,-0.2482575923204422,-1.2482340335845947,-0.9999764412641525
434,stable_true,True,True,0.9906262159347534,0.9999207258224487,2.4262077808380127,1.4262878894805908,-0.9999198913574219
435,stable_true,True,True,0.990018367767334,0.9999876618385315,0.9242595434188843,-0.07572703063488007,-0.9999865740537643
436,stable_true,True,True,0.9877018928527832,1.0000492334365845,-0.19347219169139862,-1.1935207843780518,-1.0000485926866531
437,stable_true,True,True,0.988275408744812,1.0000730752944946,0.2357536256313324,-0.7643187046051025,-1.000072330236435
438,stable_false,False,False,0.9895413517951965,0.9999794960021973,-0.21708983182907104,-1.2170684337615967,-0.9999786019325256
439,recovered,False,True,0.9897346496582031,1.0000016689300537,-0.2710135579109192,-1.2710143327713013,-1.000000774860382
440,stable_false,False,False,0.9890139698982239,1.0000344514846802,0.33402249217033386,-0.6660109758377075,-1.0000334680080414
441,recovered,False,True,0.9875354766845703,1.0000187158584595,-0.3019675016403198,-1.301985502243042,-1.0000180006027222
442,recovered,False,True,0.9898499250411987,1.0000133514404297,-0.9290574789047241,-1.9290698766708374,-1.0000123977661133
443,stable_true,True,True,0.9871596097946167,0.9999529719352722,0.36400294303894043,-0.6359493136405945,-0.9999522566795349
444,stable_false,False,False,0.9895234704017639,0.9999799728393555,0.2154848575592041,-0.7844944000244141,-0.9999792575836182
445,stable_false,False,False,0.9861786365509033,1.000048279762268,-0.11473266035318375,-1.1147804260253906,-1.0000477656722069
446,stable_false,False,False,0.9876158833503723,0.9999750256538391,-0.20661944150924683,-1.2065937519073486,-0.9999743103981018
447,stable_false,False,False,0.9878168702125549,0.999930202960968,-0.21355989575386047,-1.2134894132614136,-0.9999295175075531
448,stable_true,True,True,0.9899338483810425,0.9999686479568481,0.5927144289016724,-0.40725332498550415,-0.9999677538871765
449,stable_true,True,True,0.9906356334686279,1.000011682510376,2.366892099380493,1.3668813705444336,-1.0000107288360596
450,recovered,False,True,0.9877781271934509,0.9999992251396179,-0.027464373037219048,-1.0274628400802612,-0.9999984670430422
451,stable_false,False,False,0.9875794649124146,1.000016689300537,-0.5077311992645264,-1.5077470541000366,-1.0000158548355103
452,recovered,False,True,0.9891632199287415,1.0000208616256714,1.215144157409668,0.2151240110397339,-1.000020146369934
453,stable_true,True,True,0.9877611398696899,1.0000115633010864,0.8542047739028931,-0.14580599963665009,-1.0000107735395432
454,stable_true,True,True,0.9899201393127441,0.9999681115150452,0.6800625324249268,-0.3199046850204468,-0.9999672174453735
455,stable_true,True,True,0.9907858967781067,0.9999848008155823,3.196565628051758,2.1965818405151367,-0.9999837875366211
456,stable_true,True,True,0.990835964679718,0.9998811483383179,2.6258835792541504,1.626003384590149,-0.9998801946640015
457,stable_true,True,True,0.9893569946289062,1.0000394582748413,2.812363386154175,1.8123246431350708,-1.000038743019104
458,stable_true,True,True,0.9880771040916443,0.9999911189079285,0.640998125076294,-0.358992338180542,-0.9999904632568359
459,stable_false,False,False,0.9885917901992798,0.9999208450317383,1.1128191947937012,0.11289912462234497,-0.9999200701713562
460,stable_true,True,True,0.9889398217201233,0.9999548196792603,1.9143478870391846,0.9143937826156616,-0.999954104423523
461,recovered,False,True,0.9890792369842529,0.9999500513076782,0.1168026328086853,-0.8831465840339661,-0.9999492168426514
462,recovered,False,True,0.9883407950401306,0.99994295835495,-0.03910451382398605,-1.0390467643737793,-0.9999422505497932
463,stable_true,True,True,0.9884979128837585,0.9999902248382568,-0.1450197845697403,-1.145009160041809,-0.9999893754720688
464,stable_true,True,True,0.9884592890739441,0.9999750256538391,0.5328178405761719,-0.46715638041496277,-0.9999742209911346
465,recovered,False,True,0.9879623651504517,0.9999293088912964,2.0465548038482666,1.046626329421997,-0.9999284744262695
466,stable_true,True,True,0.9892682433128357,0.9999613761901855,-0.006991814821958542,-1.0069522857666016,-0.999960470944643
467,recovered,False,True,0.9879265427589417,0.9999681711196899,1.278973937034607,0.27900633215904236,-0.9999676048755646
468,stable_true,True,True,0.9890661835670471,1.0000050067901611,0.606127917766571,-0.393876314163208,-1.000004231929779
469,stable_false,False,False,0.9895258545875549,0.9999971389770508,0.26007312536239624,-0.7399230003356934,-0.9999961256980896
470,stable_true,True,True,0.9886414408683777,1.0000449419021606,1.332627296447754,0.3325832486152649,-1.000044047832489
471,stable_true,True,True,0.989747941493988,1.0000112056732178,-0.42598065733909607,-1.4259909391403198,-1.0000102818012238
472,stable_false,False,False,0.9874656200408936,0.9999849796295166,-0.4337630271911621,-1.4337472915649414,-0.9999842643737793
473,regressed,True,False,0.9902626276016235,0.9999982118606567,0.5783542394638062,-0.42164313793182373,-0.9999973773956299
474,stable_true,True,True,0.9906826019287109,0.9999042749404907,0.9034060835838318,-0.09649720042943954,-0.9999032840132713
475,stable_true,True,True,0.9905074238777161,0.9999672770500183,0.11004413664340973,-0.8899223804473877,-0.9999665170907974
476,stable_true,True,True,0.9891405701637268,1.0000159740447998,-0.0027705319225788116,-1.0027856826782227,-1.0000151507556438
477,stable_true,True,True,0.9886838793754578,0.9999895095825195,1.0907107591629028,0.09072216600179672,-0.9999885931611061
478,stable_true,True,True,0.9908409118652344,0.9999071955680847,1.944684624671936,0.9447784423828125,-0.9999061822891235
